{"00F049010097":{"id":"00F049010097","description":null,"version":"v1.33 build 1.2232","modeOfOperation":"PP Remote","data":{"Network Address":"1234567890","Wireless Link Rate":"172800","Serial Baud Rate":"57600","Serial Data Format":"8N1","Serial Channel Mode":"RS232","Power":"23dBm - 200mW","Unit Address":"2","Destination Address":"1","Roaming Address":"1","Hop Pattern":"0","Secondary Hop Pattern":"1"}},"00F04900F0C0":{"id":"00F04900F0C0","description":null,"version":"v1.33 build 1.2232","modeOfOperation":"PP Master","data":{"Network Address":"1234567890","Wireless Link Rate":"172800","Serial Baud Rate":"57600","Serial Data Format":"8N1","Serial Channel Mode":"RS232","Power":"30dBm - 1W","Unit Address":"1","Destination Address":"2","Repeaters in System":"No","Hop Pattern":"0","Secondary Hop Pattern":"1"}},"000000000000":{"id":"000000000000","description":null,"version":"v1.33 build 1.2232","modeOfOperation":"PP Unknown value (255)","data":{"Network Address":"1234567890","Wireless Link Rate":"172800","Serial Baud Rate":"9600","Serial Data Format":"8N1","Serial Channel Mode":"RS232","Power":"30dBm - 1W","Unit Address":"1","Destination Address":"2","Roaming Address":"1","Hop Pattern":"0","Secondary Hop Pattern":"1"}},"00F04901003D":{"id":"00F04901003D","description":null,"version":"v1.33 build 1.2232","modeOfOperation":"PP Master","data":{"Network Address":"1234567890","Wireless Link Rate":"172800","Serial Baud Rate":"57600","Serial Data Format":"8N1","Serial Channel Mode":"RS232","Power":"30dBm - 1W","Unit Address":"1","Destination Address":"2","Repeaters in System":"No","Hop Pattern":"0","Secondary Hop Pattern":"1"}},"00F049010079":{"id":"00F049010079","description":null,"version":"v1.33 build 1.2232","modeOfOperation":"PP Remote","data":{"Network Address":"-","Wireless Link Rate":"172800","Serial Baud Rate":"57600","Serial Data Format":"8N1","Serial Channel Mode":"-","Power":"-","Unit Address":"2","Destination Address":"1","Roaming Address":"1","Hop Pattern":"0","Secondary Hop Pattern":"-"}},"00F049025574":{"id":"00F049025574","description":null,"version":"v1.48 build 1.3846","modeOfOperation":"PMP Master","data":{"Network Address":"1234567890","Wireless Link Rate":"172800","Serial Baud Rate":"9600","Serial Data Format":"8N1","Serial Channel Mode":"RS232","Power":"30dBm - 1W","Unit Address":"1","Destination Address":"65535","Repeaters in System":"No","Hop Pattern":"0","Secondary Hop Pattern":"1"}}}